link,2,https://sktoushi.github.io/stash-utils/lc300.html?target=indexedDb-jp-sentences.csv
csv,2,skyway-wisdom.csv
link,2,https://sktoushi.github.io/stash-utils/bucket.html?target=bucket-pmbok-2025
csv,2,skyway-modifiable-redirect0915-144-japanese-learning-alloc.csv
link,1,https://sktoushi.github.io/stash-utils/lc300.html?target=indexedDb-jp-sentences.csv
csv,1,skyway-wisdom.csv
link,1,https://sktoushi.github.io/stash-utils/bucket.html?target=bucket-pmbok-2025
csv,1,skyway-modifiable-redirect0915-144-japanese-learning-alloc.csv
link,1,https://sktoushi.github.io/stash-utils/lc300.html?target=indexedDb-jp-sentences.csv
csv,1,skyway-wisdom.csv
link,1,https://sktoushi.github.io/stash-utils/bucket.html?target=bucket-pmbok-2025
csv,1,skyway-modifiable-redirect0915-144-japanese-learning-alloc.csv
csv,8,skyway-modifiable-redirect0915-133-stash-of-stashes.csv
link,null,https://sktoushi.github.io/stash-utils/bucket.html?target=bucket-finer-things-in-life
link,null,https://www.youtube.com/@NHK/videos
link,null,"https://sktoushi.github.io/stash-utils/stash-randomizer.html?modes=random&usernameRepoList=cjcaf1995_redirect0915_1_{redirect0915Ending}&allocation=1"
link,null,https://sktoushi.github.io/stash-utils/skyway.html?target=skyway-logger.csv
link,null,"https://sktoushi.github.io/stash-utils/stash-randomizer.html?modes=random&usernameRepoList=cjcaf1995_log_{logStarting}_{logEnding}&allocation=1"
csv,null,skyway-modifiable-work.csv
link,null,http://sktoushi.github.io/stash-utils/dbviewer-random.html
